{"elemente": [{"knoten_1": {"id": 492, "x": 1, "y": 15, "fg": [1, 2, 3], "canvas_coord": [30, 450], "id_show": 1, "angle": 0.0}, "knoten_2": {"id": 493, "x": 5, "y": 15, "fg": [4, 5, 6], "canvas_coord": [150, 450], "id_show": 2, "angle": 0.0}, "id": 504, "x_Ko_anfang": 1, "x_Ko_ende": 5, "y_Ko_anfang": 15, "y_Ko_ende": 15, "l_x": 4, "l_y": 0, "l": 4.0, "EI": 20000.0, "EA": 1000000000.0, "n": 0.0, "q": 5.0, "K_el_g": [[250000000.0, 0.0, 0.0, -250000000.0, 0.0, 0.0], [0.0, 3750.0, -7500.0, 0.0, -3750.0, -7500.0], [0.0, -7500.0, 20000.0, 0.0, 7500.0, 10000.0], [-250000000.0, 0.0, 0.0, 250000000.0, 0.0, 0.0], [0.0, -3750.0, 7500.0, 0.0, 3750.0, 7500.0], [0.0, -7500.0, 10000.0, 0.0, 7500.0, 20000.0]], "f_el_g": [[0.0], [10.0], [-6.666666666666667], [0.0], [10.0], [6.666666666666667]], "fg_knoten1": [1, 2, 3], "fg_knoten2": [4, 5, 6], "fg": [1, 2, 3, 4, 5, 6], "id_show": 1}, {"knoten_1": {"id": 493, "x": 5, "y": 15, "fg": [4, 5, 6], "canvas_coord": [150, 450], "id_show": 2, "angle": 0.0}, "knoten_2": {"id": 494, "x": 9, "y": 15, "fg": [7, 8, 9], "canvas_coord": [270, 450], "id_show": 3, "angle": 0.0}, "id": 509, "x_Ko_anfang": 5, "x_Ko_ende": 9, "y_Ko_anfang": 15, "y_Ko_ende": 15, "l_x": 4, "l_y": 0, "l": 4.0, "EI": 20000.0, "EA": 1000000000.0, "n": 0.0, "q": 5.0, "K_el_g": [[250000000.0, 0.0, 0.0, -250000000.0, 0.0, 0.0], [0.0, 3750.0, -7500.0, 0.0, -3750.0, -7500.0], [0.0, -7500.0, 20000.0, 0.0, 7500.0, 10000.0], [-250000000.0, 0.0, 0.0, 250000000.0, 0.0, 0.0], [0.0, -3750.0, 7500.0, 0.0, 3750.0, 7500.0], [0.0, -7500.0, 10000.0, 0.0, 7500.0, 20000.0]], "f_el_g": [[0.0], [10.0], [-6.666666666666667], [0.0], [10.0], [6.666666666666667]], "fg_knoten1": [4, 5, 6], "fg_knoten2": [7, 8, 9], "fg": [4, 5, 6, 7, 8, 9], "id_show": 2}, {"knoten_1": {"id": 494, "x": 9, "y": 15, "fg": [7, 8, 9], "canvas_coord": [270, 450], "id_show": 3, "angle": 0.0}, "knoten_2": {"id": 495, "x": 13, "y": 15, "fg": [10, 11, 12], "canvas_coord": [390, 450], "id_show": 4, "angle": 0.0}, "id": 514, "x_Ko_anfang": 9, "x_Ko_ende": 13, "y_Ko_anfang": 15, "y_Ko_ende": 15, "l_x": 4, "l_y": 0, "l": 4.0, "EI": 20000.0, "EA": 1000000000.0, "n": 0.0, "q": 5.0, "K_el_g": [[250000000.0, 0.0, 0.0, -250000000.0, 0.0, 0.0], [0.0, 3750.0, -7500.0, 0.0, -3750.0, -7500.0], [0.0, -7500.0, 20000.0, 0.0, 7500.0, 10000.0], [-250000000.0, 0.0, 0.0, 250000000.0, 0.0, 0.0], [0.0, -3750.0, 7500.0, 0.0, 3750.0, 7500.0], [0.0, -7500.0, 10000.0, 0.0, 7500.0, 20000.0]], "f_el_g": [[0.0], [10.0], [-6.666666666666667], [0.0], [10.0], [6.666666666666667]], "fg_knoten1": [7, 8, 9], "fg_knoten2": [10, 11, 12], "fg": [7, 8, 9, 10, 11, 12], "id_show": 3}, {"knoten_1": {"id": 495, "x": 13, "y": 15, "fg": [10, 11, 12], "canvas_coord": [390, 450], "id_show": 4, "angle": 0.0}, "knoten_2": {"id": 498, "x": 19, "y": 15, "fg": [13, 14, 15], "canvas_coord": [570, 450], "id_show": 5, "angle": 0.0}, "id": 519, "x_Ko_anfang": 13, "x_Ko_ende": 19, "y_Ko_anfang": 15, "y_Ko_ende": 15, "l_x": 6, "l_y": 0, "l": 6.0, "EI": 20000.0, "EA": 1000000000.0, "n": 0.0, "q": 5.0, "K_el_g": [[166666666.66666666, 0.0, 0.0, -166666666.66666666, 0.0, 0.0], [0.0, 1111.111111111111, -3333.3333333333335, 0.0, -1111.111111111111, -3333.3333333333335], [0.0, -3333.3333333333335, 13333.333333333334, 0.0, 3333.3333333333335, 6666.666666666667], [-166666666.66666666, 0.0, 0.0, 166666666.66666666, 0.0, 0.0], [0.0, -1111.111111111111, 3333.3333333333335, 0.0, 1111.111111111111, 3333.3333333333335], [0.0, -3333.3333333333335, 6666.666666666667, 0.0, 3333.3333333333335, 13333.333333333334]], "f_el_g": [[0.0], [15.0], [-15.0], [0.0], [15.0], [15.0]], "fg_knoten1": [10, 11, 12], "fg_knoten2": [13, 14, 15], "fg": [10, 11, 12, 13, 14, 15], "id_show": 4}, {"knoten_1": {"id": 499, "x": 17, "y": 18, "fg": [16, 17, 18], "canvas_coord": [510, 540], "id_show": 6, "angle": 0.0}, "knoten_2": {"id": 503, "x": 17, "y": 3, "fg": [19, 20, 21], "canvas_coord": [510, 90], "id_show": 7, "angle": 0.0}, "id": 524, "x_Ko_anfang": 17, "x_Ko_ende": 17, "y_Ko_anfang": 18, "y_Ko_ende": 3, "l_x": 0, "l_y": -15, "l": 15.0, "EI": 20000.0, "EA": 1000000000.0, "n": 0.0, "q": 0.0, "K_el_g": [[71.11111111111111, -4.082151642858114e-09, -533.3333333333334, -71.11111111111111, 4.082151642858114e-09, -533.3333333333334], [-4.082151642858114e-09, 66666666.666666664, -3.2657247977262757e-14, 4.082151642858114e-09, -66666666.666666664, -3.2657247977262757e-14], [-533.3333333333334, -3.2657247977262757e-14, 5333.333333333333, 533.3333333333334, 3.2657247977262757e-14, 2666.6666666666665], [-71.11111111111111, 4.082151642858114e-09, 533.3333333333334, 71.11111111111111, -4.082151642858114e-09, 533.3333333333334], [4.082151642858114e-09, -66666666.666666664, 3.2657247977262757e-14, -4.082151642858114e-09, 66666666.666666664, 3.2657247977262757e-14], [-533.3333333333334, -3.2657247977262757e-14, 2666.6666666666665, 533.3333333333334, 3.2657247977262757e-14, 5333.333333333333]], "f_el_g": [[0.0], [0.0], [0.0], [0.0], [0.0], [0.0]], "fg_knoten1": [16, 17, 18], "fg_knoten2": [19, 20, 21], "fg": [16, 17, 18, 19, 20, 21], "id_show": 5}, {"knoten_1": {"id": 1, "x": 5, "y": 15, "fg": [4, 5, 22], "canvas_coord": [150, 450], "id_show": 101, "angle": 0.0}, "knoten_2": {"id": 2, "x": 17, "y": 3, "fg": [19, 20, 23], "canvas_coord": [510, 90], "id_show": 102, "angle": 0.0}, "id": 525, "x_Ko_anfang": 5, "x_Ko_ende": 17, "y_Ko_anfang": 15, "y_Ko_ende": 3, "l_x": 12, "l_y": -12, "l": 16.97056274847714, "EI": 20000.0, "EA": 1000000000.0, "n": 0.0, "q": 0.0, "K_el_g": [[29462807.10175828, -29462757.99712069, -294.6278254943948, -29462807.10175828, 29462757.99712069, -294.6278254943948], [-29462757.997120686, 29462807.101758268, -294.62782549439487, 29462757.997120686, -29462807.101758268, -294.62782549439487], [-294.6278254943948, -294.62782549439487, 4714.045207910317, 294.6278254943948, 294.62782549439487, 2357.0226039551585], [-29462807.10175828, 29462757.99712069, 294.6278254943948, 29462807.10175828, -29462757.99712069, 294.6278254943948], [29462757.997120686, -29462807.101758268, 294.62782549439487, -29462757.997120686, 29462807.101758268, 294.62782549439487], [-294.6278254943948, -294.62782549439487, 2357.0226039551585, 294.6278254943948, 294.62782549439487, 4714.045207910317]], "f_el_g": [[0.0], [0.0], [0.0], [0.0], [0.0], [0.0]], "fg_knoten1": [4, 5, 22], "fg_knoten2": [19, 20, 23], "fg": [4, 5, 22, 19, 20, 23], "id_show": 6}, {"knoten_1": {"id": 3, "x": 9, "y": 15, "fg": [7, 8, 24], "canvas_coord": [270, 450], "id_show": 103, "angle": 0.0}, "knoten_2": {"id": 4, "x": 17, "y": 3, "fg": [19, 20, 25], "canvas_coord": [510, 90], "id_show": 104, "angle": 0.0}, "id": 526, "x_Ko_anfang": 9, "x_Ko_ende": 17, "y_Ko_anfang": 15, "y_Ko_ende": 3, "l_x": 8, "l_y": -12, "l": 14.422205101855956, "EI": 20000.0, "EA": 1000000000.0, "n": 0.0, "q": 0.0, "K_el_g": [[21334678.319702964, -32001897.472300455, -480.0290159641407, -21334678.319702964, 32001897.472300455, -480.0290159641407], [-32001897.472300455, 48002926.21328668, -320.0193439760938, 32001897.472300455, -48002926.21328668, -320.0193439760938], [-480.0290159641407, -320.0193439760938, 5547.001962252291, 480.0290159641407, 320.0193439760938, 2773.5009811261457], [-21334678.319702964, 32001897.472300455, 480.0290159641407, 21334678.319702964, -32001897.472300455, 480.0290159641407], [32001897.472300455, -48002926.21328668, 320.0193439760938, -32001897.472300455, 48002926.21328668, 320.0193439760938], [-480.0290159641407, -320.0193439760938, 2773.5009811261457, 480.0290159641407, 320.0193439760938, 5547.001962252291]], "f_el_g": [[0.0], [0.0], [0.0], [0.0], [0.0], [0.0]], "fg_knoten1": [7, 8, 24], "fg_knoten2": [19, 20, 25], "fg": [7, 8, 24, 19, 20, 25], "id_show": 7}], "alr_rb": [[10, 0], [11, 0], [16, 0], [17, 0], [18, 0]], "knotenlasten": [[1, 0], [2, 0], [3, 0], [4, 0], [5, 0], [6, 0], [7, 0], [8, 0], [9, 0], [10, 0], [11, 0], [12, 0], [13, 0], [14, 0], [15, 0], [16, 0], [17, 0], [18, 0], [19, 0], [20, 0], [21, 0]], "knotenliste": {"knoten": [{"id": 492, "x": 1,