{"elemente": [{"knoten_1": {"id": 492, "x": 7, "y": 15, "fg": [1, 2, 3], "canvas_coord": [210, 450], "id_show": 1, "angle": 0.0}, "knoten_2": {"id": 496, "x": 17, "y": 15, "fg": [4, 5, 6], "canvas_coord": [510, 450], "id_show": 2, "angle": 0.0}, "id": 498, "x_Ko_anfang": 7, "x_Ko_ende": 17, "y_Ko_anfang": 15, "y_Ko_ende": 15, "l_x": 10, "l_y": 0, "l": 10.0, "EI": 64000.0, "EA": 4800000.0, "GA_s": 1666667.0, "n": 0.0, "q": 0.0, "K_el_g": [[480000.0, 0.0, 0.0, -480000.0, 0.0, 0.0], [0.0, 166666.7, -833333.5, 0.0, -166666.7, -833333.5], [0.0, -833333.5, 5561956.666666666, 0.0, 833333.5, 2771378.333333333], [-480000.0, 0.0, 0.0, 480000.0, 0.0, 0.0], [0.0, -166666.7, 833333.5, 0.0, 166666.7, 833333.5], [0.0, -833333.5, 2771378.333333333, 0.0, 833333.5, 5561956.666666666]], "f_el_g": [[0.0], [0.0], [0.0], [0.0], [0.0], [0.0]], "fg_knoten1": [1, 2, 3], "fg_knoten2": [4, 5, 6], "fg": [1, 2, 3, 4, 5, 6], "id_show": 1}], "alr_rb": [[1, 0], [2, 0], [3, 0]], "knotenlasten": [[1, 0], [2, 0], [3, 0], [4, 0], [5, 10.0], [6, 0]], "knotenliste": {"knoten": [{"id": 492, "x": 7, "y": 15, "fg": [1, 2, 3], "canvas_coord": [210, 450], "id_show": 1, "angle": 0.0}, {"id": 496, "x": 17, "y": 15, "fg": [4, 5, 6], "canvas_coord": [510, 450], "id_show": 2, "angle": 0.0}], "canvas_kor": [[210, 450], [510, 450]]}, "theorie": "Timoshenko mit Locking"}