{"elemente": [{"knoten_1": {"id": 492, "x": 9, "y": 17, "fg": [1, 2, 3], "canvas_coord": [270, 510], "id_show": 1, "angle": 0.0}, "knoten_2": {"id": 496, "x": 13, "y": 13, "fg": [4, 5, 6], "canvas_coord": [390, 390], "id_show": 2, "angle": 45.0}, "id": 501, "x_Ko_anfang": 9, "x_Ko_ende": 13, "y_Ko_anfang": 17, "y_Ko_ende": 13, "l_x": 4, "l_y": -4, "l": 5.656854249492381, "EI": 10000.0, "EA": 10000.0, "n": 0.0, "q": 5.0, "K_el_g": [[1215.3397801643785, -552.4271728019903, -1325.825214724776, -1250.0, -468.74999999999983, -1325.825214724776], [-552.4271728019902, 1215.3397801643782, -1325.8252147247763, 1249.9999999999998, -468.7499999999999, -1325.8252147247763], [-1325.825214724776, -1325.8252147247763, 7071.067811865475, -3.13331387691043e-14, 1874.9999999999993, 3535.5339059327375], [-1250.0, 1249.9999999999998, -3.13331387691043e-14, 1767.7669529663688, 7.617847329278165e-14, -3.13331387691043e-14], [-468.7499999999999, -468.74999999999983, 1874.9999999999993, 6.984590860154426e-14, 662.912607362388, 1874.9999999999993], [-1325.825214724776, -1325.8252147247763, 3535.5339059327375, -3.13331387691043e-14, 1874.9999999999993, 7071.067811865475]], "f_el_g": [[10.0], [10.000000000000002], [-13.333333333333336], [-3.678955472468947e-16], [14.142135623730951], [13.333333333333336]], "fg_knoten1": [1, 2, 3], "fg_knoten2": [4, 5, 6], "fg": [1, 2, 3, 4, 5, 6], "id_show": 1}, {"knoten_1": {"id": 1, "x": 13, "y": 13, "fg": [4, 10, 6], "canvas_coord": [390, 390], "id_show": 101, "angle": 45.0}, "knoten_2": {"id": 497, "x": 15, "y": 11, "fg": [7, 8, 9], "canvas_coord": [450, 330], "id_show": 3, "angle": 0.0}, "id": 506, "x_Ko_anfang": 13, "x_Ko_ende": 15, "y_Ko_anfang": 13, "y_Ko_ende": 11, "l_x": 2, "l_y": -2, "l": 2.8284271247461903, "EI": 10000.0, "EA": 10000.0, "n": 0.0, "q": 5.0, "K_el_g": [[3535.533905932737, -6.23945339839338e-13, 1.253325550764172e-13, -2499.9999999999995, 2500.0, 1.253325550764172e-13], [-8.434260226452013e-14, 5303.300858899105, -7499.999999999997, -3749.9999999999986, -3749.9999999999995, -7499.999999999997], [1.253325550764172e-13, -7499.999999999997, 14142.13562373095, 5303.300858899104, 5303.300858899105, 7071.067811865475], [-2499.9999999999995, -3749.999999999998, 5303.300858899104, 4419.417382415921, 883.8834764831837, 5303.300858899104], [2499.9999999999995, -3749.9999999999995, 5303.300858899105, 883.8834764831842, 4419.417382415922, 5303.300858899105], [1.253325550764172e-13, -7499.999999999997, 7071.067811865475, 5303.300858899104, 5303.300858899105, 14142.13562373095]], "f_el_g": [[-1.8394777362344735e-16], [7.0710678118654755], [-3.333333333333334], [5.0], [5.000000000000001], [3.333333333333334]], "fg_knoten1": [4, 10, 6], "fg_knoten2": [7, 8, 9], "fg": [4, 10, 6, 7, 8, 9], "id_show": 2}], "alr_rb": [[1, 0], [2, 0], [3, 0], [7, 0], [8, 0], [9, 0]], "knotenlasten": [[1, 0], [2, 0], [3, 0], [4, 0], [5, 0], [6, 0], [7, 0], [8, 0], [9, 0]], "knotenliste": {"knoten": [{"id": 492, "x": 9, "y": 17, "fg": [1, 2, 3], "canvas_coord": [270, 510], "id_show": 1, "angle": 0.0}, {"id": 496, "x": 13, "y": 13, "fg": [4, 5, 6], "canvas_coord": [390, 390], "id_show": 2, "angle": 45.0}, {"id": 497, "x": 15, "y": 11, "fg": [7, 8, 9], "canvas_coord": [450, 330], "id_show": 3, "angle": 0.0}, {"id": 1, "x": 13, "y": 13, "fg": [4, 10, 6], "canvas_coord": [390, 390], "id_show": 101, "angle": 45.0}], "canvas_kor": [[270, 510], [390, 390], [450, 330], [390, 390]]}, "theorie": "Bernoulli"}