{"elemente": [{"knoten_1": {"id": 1490, "x": 6, "y": 14, "fg": [1, 2, 3], "canvas_coord": [180, 420], "id_show": 1, "angle": 0.0}, "knoten_2": {"id": 1496, "x": 14, "y": 14, "fg": [4, 5, 6], "canvas_coord": [420, 420], "id_show": 2, "angle": 0.0}, "id": 1501, "x_Ko_anfang": 6, "x_Ko_ende": 14, "y_Ko_anfang": 14, "y_Ko_ende": 14, "l_x": 8, "l_y": 0, "l": 8.0, "EI": 64000.0, "EA": 1000.0, "GA_s": 1666667.0, "n": 0.0, "q": 0.0, "K_el_g": [[125.0, 0.0, 0.0, -125.0, 0.0, 0.0], [0.0, 208333.375, -833333.5, 0.0, -208333.375, -833333.5], [0.0, -833333.5, 4452445.333333333, 0.0, 833333.5, 2214222.6666666665], [-125.0, 0.0, 0.0, 125.0, 0.0, 0.0], [0.0, -208333.375, 833333.5, 0.0, 208333.375, 833333.5], [0.0, -833333.5, 2214222.6666666665, 0.0, 833333.5, 4452445.333333333]], "f_el_g": [[0.0], [0.0], [0.0], [0.0], [0.0], [0.0]], "fg_knoten1": [1, 2, 3], "fg_knoten2": [4, 5, 6], "fg": [1, 2, 3, 4, 5, 6], "id_show": 1}], "alr_rb": [[1, 0], [2, 0], [5, 0]], "knotenlasten": [[1, 0], [2, 0], [3, -200.0], [4, 0], [5, 0], [6, 200.0]], "knotenliste": {"knoten": [{"id": 1490, "x": 6, "y": 14, "fg": [1, 2, 3], "canvas_coord": [180, 420], "id_show": 1, "angle": 0.0}, {"id": 1496, "x": 14, "y": 14, "fg": [4, 5, 6], "canvas_coord": [420, 420], "id_show": 2, "angle": 0.0}], "canvas_kor": [[180, 420], [420, 420]]}, "theorie": "Timoshenko mit Locking"}