{"elemente": [{"knoten_1": {"id": 992, "x": 7, "y": 15, "fg": [1, 2, 3], "canvas_coord": [210, 450], "id_show": 1, "angle": 45.0}, "knoten_2": {"id": 994, "x": 10, "y": 12, "fg": [4, 5, 6], "canvas_coord": [300, 360], "id_show": 2, "angle": 45.0}, "id": 999, "x_Ko_anfang": 7, "x_Ko_ende": 10, "y_Ko_anfang": 15, "y_Ko_ende": 12, "l_x": 3, "l_y": -3, "l": 4.242640687119285, "EI": 1000.0, "EA": 1000.0, "n": 0.0, "q": 0.0, "K_el_g": [[235.70226039551585, 2.9983177416335856e-15, -7.466443130586111e-15, -235.70226039551585, -2.9983177416335856e-15, -7.466443130586111e-15], [1.5960154681347267e-14, 157.13484026367726, -333.33333333333337, -1.5960154681347267e-14, -157.13484026367726, -333.33333333333337], [-7.466443130586111e-15, -333.33333333333337, 942.8090415820634, 7.466443130586111e-15, 333.33333333333337, 471.4045207910317], [-235.70226039551585, -2.9983177416335856e-15, 7.466443130586111e-15, 235.70226039551585, 2.9983177416335856e-15, 7.466443130586111e-15], [-1.5960154681347267e-14, -157.13484026367726, 333.33333333333337, 1.5960154681347267e-14, 157.13484026367726, 333.33333333333337], [-7.466443130586111e-15, -333.33333333333337, 471.4045207910317, 7.466443130586111e-15, 333.33333333333337, 942.8090415820634]], "f_el_g": [[0.0], [0.0], [0.0], [0.0], [0.0], [0.0]], "fg_knoten1": [1, 2, 3], "fg_knoten2": [4, 5, 6], "fg": [1, 2, 3, 4, 5, 6], "id_show": 1}, {"knoten_1": {"id": 994, "x": 10, "y": 12, "fg": [4, 5, 6], "canvas_coord": [300, 360], "id_show": 2, "angle": 45.0}, "knoten_2": {"id": 996, "x": 13, "y": 9, "fg": [7, 8, 9], "canvas_coord": [390, 270], "id_show": 3, "angle": 45.0}, "id": 1000, "x_Ko_anfang": 10, "x_Ko_ende": 13, "y_Ko_anfang": 12, "y_Ko_ende": 9, "l_x": 3, "l_y": -3, "l": 4.242640687119285, "EI": 1000.0, "EA": 1000.0, "n": 0.0, "q": 0.0, "K_el_g": [[235.70226039551585, 2.9983177416335856e-15, -7.466443130586111e-15, -235.70226039551585, -2.9983177416335856e-15, -7.466443130586111e-15], [1.5960154681347267e-14, 157.13484026367726, -333.33333333333337, -1.5960154681347267e-14, -157.13484026367726, -333.33333333333337], [-7.466443130586111e-15, -333.33333333333337, 942.8090415820634, 7.466443130586111e-15, 333.33333333333337, 471.4045207910317], [-235.70226039551585, -2.9983177416335856e-15, 7.466443130586111e-15, 235.70226039551585, 2.9983177416335856e-15, 7.466443130586111e-15], [-1.5960154681347267e-14, -157.13484026367726, 333.33333333333337, 1.5960154681347267e-14, 157.13484026367726, 333.33333333333337], [-7.466443130586111e-15, -333.33333333333337, 471.4045207910317, 7.466443130586111e-15, 333.33333333333337, 942.8090415820634]], "f_el_g": [[0.0], [0.0], [0.0], [0.0], [0.0], [0.0]], "fg_knoten1": [4, 5, 6], "fg_knoten2": [7, 8, 9], "fg": [4, 5, 6, 7, 8, 9], "id_show": 2}], "alr_rb": [[2, 0], [7, 0], [8, 0]], "knotenlasten": [[1, 0], [2, 0], [3, 0], [4, 0], [5, 10.0], [6, 0], [7, 0], [8, 0], [9, 0]], "knotenliste": {"knoten": [{"id": 992, "x": 7, "y": 15, "fg": [1, 2, 3], "canvas_coord": [210, 450], "id_show": 1, "angle": 45.0}, {"id": 994, "x": 10, "y": 12, "fg": [4, 5, 6], "canvas_coord": [300, 360], "id_show": 2, "angle": 45.0}, {"id": 996, "x": 13, "y": 9, "fg": [7, 8, 9], "canvas_coord": [390, 270], "id_show": 3, "angle": 45.0}], "canvas_kor": [[210, 450], [300, 360], [390, 270]]}, "theorie": "Bernoulli"}