{"elemente": [{"knoten_1": {"id": 492, "x": 5, "y": 13, "fg": [1, 2, 3], "canvas_coord": [150, 390], "id_show": 1, "angle": 0.0}, "knoten_2": {"id": 494, "x": 11, "y": 13, "fg": [4, 5, 6], "canvas_coord": [330, 390], "id_show": 2, "angle": 0.0}, "id": 504, "x_Ko_anfang": 5, "x_Ko_ende": 11, "y_Ko_anfang": 13, "y_Ko_ende": 13, "l_x": 6, "l_y": 0, "l": 6.0, "EI": 64000.0, "EA": 4800000.0, "GA_s": 1666667.0, "n": 0.0, "q": 0.0, "K_el_g": [[800000.0, 0.0, 0.0, -800000.0, 0.0, 0.0], [0.0, 277777.8333333333, -833333.5, 0.0, -277777.8333333333, -833333.5], [0.0, -833333.5, 3344000.6666666665, 0.0, 833333.5, 1656000.3333333333], [-800000.0, 0.0, 0.0, 800000.0, 0.0, 0.0], [0.0, -277777.8333333333, 833333.5, 0.0, 277777.8333333333, 833333.5], [0.0, -833333.5, 1656000.3333333333, 0.0, 833333.5, 3344000.6666666665]], "f_el_g": [[0.0], [0.0], [0.0], [0.0], [0.0], [0.0]], "fg_knoten1": [1, 2, 3], "fg_knoten2": [4, 5, 6], "fg": [1, 2, 3, 4, 5, 6], "id_show": 1}, {"knoten_1": {"id": 494, "x": 11, "y": 13, "fg": [4, 5, 6], "canvas_coord": [330, 390], "id_show": 2, "angle": 0.0}, "knoten_2": {"id": 498, "x": 17, "y": 13, "fg": [7, 8, 9], "canvas_coord": [510, 390], "id_show": 3, "angle": 0.0}, "id": 505, "x_Ko_anfang": 11, "x_Ko_ende": 17, "y_Ko_anfang": 13, "y_Ko_ende": 13, "l_x": 6, "l_y": 0, "l": 6.0, "EI": 64000.0, "EA": 4800000.0, "GA_s": 1666667.0, "n": 0.0, "q": 0.0, "K_el_g": [[800000.0, 0.0, 0.0, -800000.0, 0.0, 0.0], [0.0, 277777.8333333333, -833333.5, 0.0, -277777.8333333333, -833333.5], [0.0, -833333.5, 3344000.6666666665, 0.0, 833333.5, 1656000.3333333333], [-800000.0, 0.0, 0.0, 800000.0, 0.0, 0.0], [0.0, -277777.8333333333, 833333.5, 0.0, 277777.8333333333, 833333.5], [0.0, -833333.5, 1656000.3333333333, 0.0, 833333.5, 3344000.6666666665]], "f_el_g": [[0.0], [0.0], [0.0], [0.0], [0.0], [0.0]], "fg_knoten1": [4, 5, 6], "fg_knoten2": [7, 8, 9], "fg": [4, 5, 6, 7, 8, 9], "id_show": 2}, {"knoten_1": {"id": 500, "x": 11, "y": 19, "fg": [10, 11, 12], "canvas_coord": [330, 570], "id_show": 4, "angle": 0.0}, "knoten_2": {"id": 494, "x": 11, "y": 13, "fg": [4, 5, 6], "canvas_coord": [330, 390], "id_show": 2, "angle": 0.0}, "id": 506, "x_Ko_anfang": 11, "x_Ko_ende": 11, "y_Ko_anfang": 19, "y_Ko_ende": 13, "l_x": 0, "l_y": -6, "l": 6.0, "EI": 64000.0, "EA": 4800000.0, "GA_s": 1666667.0, "n": 0.0, "q": 0.0, "K_el_g": [[277777.8333333333, -3.1976885242606446e-11, -833333.5, -277777.8333333333, 3.1976885242606446e-11, -833333.5], [-3.1976885242606446e-11, 800000.0, -5.1026960169863045e-11, 3.1976885242606446e-11, -800000.0, -5.1026960169863045e-11], [-833333.5, -5.1026960169863045e-11, 3344000.6666666665, 833333.5, 5.1026960169863045e-11, 1656000.3333333333], [-277777.8333333333, 3.1976885242606446e-11, 833333.5, 277777.8333333333, -3.1976885242606446e-11, 833333.5], [3.1976885242606446e-11, -800000.0, 5.1026960169863045e-11, -3.1976885242606446e-11, 800000.0, 5.1026960169863045e-11], [-833333.5, -5.1026960169863045e-11, 1656000.3333333333, 833333.5, 5.1026960169863045e-11, 3344000.6666666665]], "f_el_g": [[0.0], [0.0], [0.0], [0.0], [0.0], [0.0]], "fg_knoten1": [10, 11, 12], "fg_knoten2": [4, 5, 6], "fg": [10, 11, 12, 4, 5, 6], "id_show": 3}], "alr_rb": [[2, 0], [8, 0], [10, 0], [11, 0], [12, 0]], "knotenlasten": [[1, 0], [2, 0], [3, 0], [4, 0], [5, 0], [6, 100.0], [7, 0], [8, 0], [9, 0], [10, 0], [11, 0], [12, 0]], "knotenliste": {"knoten": [{"id": 492, "x": 5, "y": 13, "fg": [1, 2, 3], "canvas_coord": [150, 390], "id_show": 1, "angle": 0.0}, {"id": 494, "x": 11, "y": 13, "fg": [4, 5, 6], "canvas_coord": [330, 390], "id_show": 2, "angle": 0.0}, {"id": 498, "x": 17, "y": 13, "fg": [7, 8, 9], "canvas_coord": [510, 390], "id_show": 3, "angle": 0.0}, {"id": 500, "x": 11, "y": 19, "fg": [10, 11, 12], "canvas_coord": [330, 570], "id_show": 4, "angle": 0.0}], "canvas_kor": [[150, 390], [330, 390], [510, 390], [330, 570]]}, "theorie": "Timoshenko mit Locking"}