{"elemente": [{"knoten_1": {"id": 1490, "x": 4, "y": 13, "fg": [1, 2, 3], "canvas_coord": [120, 390], "id_show": 1, "angle": 0.0}, "knoten_2": {"id": 1492, "x": 7, "y": 13, "fg": [4, 5, 6], "canvas_coord": [210, 390], "id_show": 2, "angle": 0.0}, "id": 1505, "x_Ko_anfang": 4, "x_Ko_ende": 7, "y_Ko_anfang": 13, "y_Ko_ende": 13, "l_x": 3, "l_y": 0, "l": 3.0, "EI": 64000.0, "EA": 4800000.0, "GA_s": 1666667.0, "n": 0.0, "q": 0.0, "K_el_g": [[1600000.0, 0.0, 0.0, -1600000.0, 0.0, 0.0], [0.0, 555555.6666666666, -833333.5, 0.0, -555555.6666666666, -833333.5], [0.0, -833333.5, 1271333.5833333333, 0.0, 833333.5, 1228666.9166666667], [-1600000.0, 0.0, 0.0, 1600000.0, 0.0, 0.0], [0.0, -555555.6666666666, 833333.5, 0.0, 555555.6666666666, 833333.5], [0.0, -833333.5, 1228666.9166666667, 0.0, 833333.5, 1271333.5833333333]], "f_el_g": [[0.0], [0.0], [0.0], [0.0], [0.0], [0.0]], "fg_knoten1": [1, 2, 3], "fg_knoten2": [4, 5, 6], "fg": [1, 2, 3, 4, 5, 6], "id_show": 1}, {"knoten_1": {"id": 1492, "x": 7, "y": 13, "fg": [4, 5, 6], "canvas_coord": [210, 390], "id_show": 2, "angle": 0.0}, "knoten_2": {"id": 1493, "x": 10, "y": 13, "fg": [7, 8, 9], "canvas_coord": [300, 390], "id_show": 3, "angle": 0.0}, "id": 1506, "x_Ko_anfang": 7, "x_Ko_ende": 10, "y_Ko_anfang": 13, "y_Ko_ende": 13, "l_x": 3, "l_y": 0, "l": 3.0, "EI": 64000.0, "EA": 4800000.0, "GA_s": 1666667.0, "n": 0.0, "q": 0.0, "K_el_g": [[1600000.0, 0.0, 0.0, -1600000.0, 0.0, 0.0], [0.0, 555555.6666666666, -833333.5, 0.0, -555555.6666666666, -833333.5], [0.0, -833333.5, 1271333.5833333333, 0.0, 833333.5, 1228666.9166666667], [-1600000.0, 0.0, 0.0, 1600000.0, 0.0, 0.0], [0.0, -555555.6666666666, 833333.5, 0.0, 555555.6666666666, 833333.5], [0.0, -833333.5, 1228666.9166666667, 0.0, 833333.5, 1271333.5833333333]], "f_el_g": [[0.0], [0.0], [0.0], [0.0], [0.0], [0.0]], "fg_knoten1": [4, 5, 6], "fg_knoten2": [7, 8, 9], "fg": [4, 5, 6, 7, 8, 9], "id_show": 2}, {"knoten_1": {"id": 1493, "x": 10, "y": 13, "fg": [7, 8, 9], "canvas_coord": [300, 390], "id_show": 3, "angle": 0.0}, "knoten_2": {"id": 1497, "x": 13, "y": 13, "fg": [10, 11, 12], "canvas_coord": [390, 390], "id_show": 4, "angle": 0.0}, "id": 1507, "x_Ko_anfang": 10, "x_Ko_ende": 13, "y_Ko_anfang": 13, "y_Ko_ende": 13, "l_x": 3, "l_y": 0, "l": 3.0, "EI": 64000.0, "EA": 4800000.0, "GA_s": 1666667.0, "n": 0.0, "q": 0.0, "K_el_g": [[1600000.0, 0.0, 0.0, -1600000.0, 0.0, 0.0], [0.0, 555555.6666666666, -833333.5, 0.0, -555555.6666666666, -833333.5], [0.0, -833333.5, 1271333.5833333333, 0.0, 833333.5, 1228666.9166666667], [-1600000.0, 0.0, 0.0, 1600000.0, 0.0, 0.0], [0.0, -555555.6666666666, 833333.5, 0.0, 555555.6666666666, 833333.5], [0.0, -833333.5, 1228666.9166666667, 0.0, 833333.5, 1271333.5833333333]], "f_el_g": [[0.0], [0.0], [0.0], [0.0], [0.0], [0.0]], "fg_knoten1": [7, 8, 9], "fg_knoten2": [10, 11, 12], "fg": [7, 8, 9, 10, 11, 12], "id_show": 3}, {"knoten_1": {"id": 1497, "x": 13, "y": 13, "fg": [10, 11, 12], "canvas_coord": [390, 390], "id_show": 4, "angle": 0.0}, "knoten_2": {"id": 1498, "x": 16, "y": 13, "fg": [13, 14, 15], "canvas_coord": [480, 390], "id_show": 5, "angle": 0.0}, "id": 1508, "x_Ko_anfang": 13, "x_Ko_ende": 16, "y_Ko_anfang": 13, "y_Ko_ende": 13, "l_x": 3, "l_y": 0, "l": 3.0, "EI": 64000.0, "EA": 4800000.0, "GA_s": 1666667.0, "n": 0.0, "q": 0.0, "K_el_g": [[1600000.0, 0.0, 0.0, -1600000.0, 0.0, 0.0], [0.0, 555555.6666666666, -833333.5, 0.0, -555555.6666666666, -833333.5], [0.0, -833333.5, 1271333.5833333333, 0.0, 833333.5, 1228666.9166666667], [-1600000.0, 0.0, 0.0, 1600000.0, 0.0, 0.0], [0.0, -555555.6666666666, 833333.5, 0.0, 555555.6666666666, 833333.5], [0.0, -833333.5, 1228666.9166666667, 0.0, 833333.5, 1271333.5833333333]], "f_el_g": [[0.0], [0.0], [0.0], [0.0], [0.0], [0.0]], "fg_knoten1": [10, 11, 12], "fg_knoten2": [13, 14, 15], "fg": [10, 11, 12, 13, 14, 15], "id_show": 4}, {"knoten_1": {"id": 1501, "x": 10, "y": 19, "fg": [19, 20, 21], "canvas_coord": [300, 570], "id_show": 7, "angle": 0.0}, "knoten_2": {"id": 1500, "x": 10, "y": 16, "fg": [16, 17, 18], "canvas_coord": [300, 480], "id_show": 6, "angle": 0.0}, "id": 1509, "x_Ko_anfang": 10, "x_Ko_ende": 10, "y_Ko_anfang": 19, "y_Ko_ende": 16, "l_x": 0, "l_y": -3, "l": 3.0, "EI": 64000.0, "EA": 4800000.0, "GA_s": 1666667.0, "n": 0.0, "q": 0.0, "K_el_g": [[555555.6666666666, -6.395377048521289e-11, -833333.5, -555555.6666666666, 6.395377048521289e-11, -833333.5], [-6.395377048521289e-11, 1600000.0, -5.1026960169863045e-11, 6.395377048521289e-11, -1600000.0, -5.1026960169863045e-11], [-833333.5, -5.1026960169863045e-11, 1271333.5833333333, 833333.5, 5.1026960169863045e-11, 1228666.9166666667], [-555555.6666666666, 6.395377048521289e-11, 833333.5, 555555.6666666666, -6.395377048521289e-11, 833333.5], [6.395377048521289e-11, -1600000.0, 5.1026960169863045e-11, -6.395377048521289e-11, 1600000.0, 5.1026960169863045e-11], [-833333.5, -5.1026960169863045e-11, 1228666.9166666667, 833333.5, 5.1026960169863045e-11, 1271333.5833333333]], "f_el_g": [[0.0], [0.0], [0.0], [0.0], [0.0], [0.0]], "fg_knoten1": [19, 20, 21], "fg_knoten2": [16, 17, 18], "fg": [19, 20, 21, 16, 17, 18], "id_show": 5}, {"knoten_1": {"id": 1500, "x": 10, "y": 16, "fg": [16, 17, 18], "canvas_coord": [300, 480], "id_show": 6, "angle": 0.0}, "knoten_2": {"id": 1493, "x": 10, "y": 13, "fg": [7, 8, 9], "canvas_coord": [300, 390], "id_show": 3, "angle": 0.0}, "id": 1510, "x_Ko_anfang": 10, "x_Ko_ende": 10, "y_Ko_anfang": 16, "y_Ko_ende": 13, "l_x": 0, "l_y": -3, "l": 3.0, "EI": 64000.0, "EA": 4800000.0, "GA_s": 1666667.0, "n": 0.0, "q": 0.0, "K_el_g": [[555555.6666666666, -6.395377048521289e-11, -833333.5, -555555.6666666666, 6.395377048521289e-11, -833333.5], [-6.395377048521289e-11, 1600000.0, -5.1026960169863045e-11, 6.395377048521289e-11, -1600000.0, -5.1026960169863045e-11], [-833333.5, -5.1026960169863045e-11, 1271333.5833333333, 833333.5, 5.1026960169863045e-11, 1228666.9166666667], [-555555.6666666666, 6.395377048521289e-11, 833333.5, 555555.6666666666, -6.395377048521289e-11, 833333.5], [6.395377048521289e-11, -1600000.0, 5.1026960169863045e-11, -6.395377048521289e-11, 1600000.0, 5.1026960169863045e-11], [-833333.5, -5.1026960169863045e-11, 1228666.9166666667, 833333.5, 5.1026960169863045e-11, 1271333.5833333333]], "f_el_g": [[0.0], [0.0], [0.0], [0.0], [0.0], [0.0]], "fg_knoten1": [16, 17, 18], "fg_knoten2": [7, 8, 9], "fg": [16, 17, 18, 7, 8, 9], "id_show": 6}], "alr_rb": [[2, 0], [14, 0], [19, 0], [20, 0], [21, 0]], "knotenlasten": [[1, 0], [2, 0], [3, 0], [4, 0], [5, 0], [6, 0], [7, 0], [8, 0], [9, 100.0], [10, 0], [11, 0], [12, 0], [13, 0], [14, 0], [15, 0], [16, 0], [17, 0], [18, 0], [19, 0], [20, 0], [21, 0]], "knotenliste": {"knoten": [{"id": 1490, "x": 4, "y": 13, "fg": [1, 2, 3], "canvas_coord": [120, 390], "id_show": 1, "angle": 0.0}, {"id": 1492, "x": 7, "y": 13, "fg": [4, 5, 6], "canvas_coord": [210, 390], "id_show": 2, "angle": 0.0}, {"id": 1493, "x": 10, "y": 13, "fg": [7, 8, 9], "canvas_coord": [300, 390], "id_show": 3, "angle": 0.0}, {"id": 1497, "x": 13, "y": 13, "fg": [10, 11, 12], "canvas_coord": [390, 390], "id_show": 4, "angle": 0.0}, {"id": 1498, "x": 16, "y": 13, "fg": [13, 14, 15], "canvas_coord": [480, 390], "id_show": 5, "angle": 0.0}, {"id": 1500, "x": 10, "y": 16, "fg": [16, 17, 18], "canvas_coord": [300, 480], "id_show": 6, "angle": 0.0}, {"id": 1501, "x": 10, "y": 19, "fg": [19, 20, 21], "canvas_coord": [300, 570], "id_show": 7, "angle": 0.0}], "canvas_kor": [[120, 390], [210, 390], [300, 390], [390, 390], [480, 390], [300, 480], [300, 570]]}, "theorie": "Timoshenko reduzierte Integration"}