{"elemente": [{"knoten_1": {"id": 492, "x": 8, "y": 15, "fg": [1, 2, 3], "canvas_coord": [240, 450], "id_show": 1, "angle": 0.0}, "knoten_2": {"id": 496, "x": 11, "y": 15, "fg": [4, 5, 6], "canvas_coord": [330, 450], "id_show": 2, "angle": 0.0}, "id": 498, "x_Ko_anfang": 8, "x_Ko_ende": 11, "y_Ko_anfang": 15, "y_Ko_ende": 15, "l_x": 3, "l_y": 0, "l": 3.0, "EI": 580.0, "EA": 1000.0, "GA_s": 2417.0, "n": 0.0, "q": 0.0, "K_el_g": [[333.3333333333333, 0.0, 0.0, -333.3333333333333, 0.0, 0.0], [0.0, 805.6666666666666, -1208.5, 0.0, -805.6666666666666, -1208.5], [0.0, -1208.5, 2610.3333333333335, 0.0, 1208.5, 1015.1666666666666], [-333.3333333333333, 0.0, 0.0, 333.3333333333333, 0.0, 0.0], [0.0, -805.6666666666666, 1208.5, 0.0, 805.6666666666666, 1208.5], [0.0, -1208.5, 1015.1666666666666, 0.0, 1208.5, 2610.3333333333335]], "f_el_g": [[0.0], [0.0], [0.0], [0.0], [0.0], [0.0]], "fg_knoten1": [1, 2, 3], "fg_knoten2": [4, 5, 6], "fg": [1, 2, 3, 4, 5, 6], "id_show": 1}], "alr_rb": [[1, 0], [2, 0], [3, 0]], "knotenlasten": [[1, 0], [2, 0], [3, 0], [4, 0], [5, 100.0], [6, 0]], "knotenliste": {"knoten": [{"id": 492, "x": 8, "y": 15, "fg": [1, 2, 3], "canvas_coord": [240, 450], "id_show": 1, "angle": 0.0}, {"id": 496, "x": 11, "y": 15, "fg": [4, 5, 6], "canvas_coord": [330, 450], "id_show": 2, "angle": 0.0}], "canvas_kor": [[240, 450], [330, 450]]}, "theorie": "Timoshenko mit Locking"}